Functional Group,RMSE
COOH,0.14546074867248526
COOH,0.17499310493469222
COOH,0.17860890388488748
COOH,0.14029522895812985
COOH,0.5220854187011721
COOH,0.1541017627716066
COOH,0.5391714477539065
COOH,0.3272897338867189
COOH,0.30943478584289563
COOH,0.12257162094116225
COOH,0.07087078094482413
COOH,0.055101041793823136
COOH,0.08781733512878409
COOH,0.09613371849060037
COOH,0.0477732658386234
COOH,0.041511859893798686
COOH,0.48521226882934565
COOH,0.10605565071105971
COOH,0.15496882438659654
COOH,0.07859354972839361
COOH,0.1166672039031984
COOH,0.6246985912322998
COOH,1.2958805179595947
COOH,0.3561381149291991
COOH,0.4209515762329099
COOH,0.0895720672607423
COOH,0.2867475032806397
COOH,0.035794534683227575
COOH,0.044553709030151545
COOH,0.07214708328247088
COOH,0.16837231636047356
COOH,0.1407999515533449
COOH,0.4948010540008543
COOH,0.599008321762085
COOH,0.1398734092712406
COOH,0.06985466957092301
COOH,0.28176953315734865
COOH,0.046701402664184766
COOH,0.6674922466278073
COOH,0.2822494029998781
COOH,0.01774927139282223
COOH,1.0840661525726318
COOH,0.19026758193969728
COOH,0.013106718063354617
COOH,0.7947885990142822
COOH,0.04186799049377443
COOH,0.4592704105377199
COOH,0.1747588729858398
COOH,0.3192980098724365
COOH,0.036810073852539205
COOH,0.23552302360534672
COOH,0.14597757339477546
COOH,0.017544164657592898
COOH,0.6974479389190673
COOH,0.9980263805389402
COOH,0.10485378265380874
COOH,0.0889040946960451
COOH,0.016383733749389506
COOH,1.0070672512054444
COOH,0.32306177139282255
COOH,0.6250258445739747
COOH,0.0840663433074953
COOH,0.2011245918273925
COOH,0.181500597000122
COOH,0.969270305633545
COOH,0.17989188194274908
COOH,0.2585506916046141
COOH,0.4223382568359373
COOH,0.1009688758850098
COOH,0.14137549400329608
COOH,0.29639277458190927
COOH,0.946534214019775
COOH,0.30688719749450666
COOH,0.4498306846618654
COOH,0.4718774127960206
COOH,0.3728372192382814
COOH,0.2708374404907228
COOH,0.13468565940856925
COOH,0.22232904434204093
COOH,0.2115439319610597
COOH,0.3283332729339601
COOH,0.2993093967437743
COOH,0.7049519252777099
COOH,0.1065265560150146
COOH,0.7955300807952881
COOH,0.468336000442505
COOH,1.0917098712921138
COOH,0.4941750240325926
COOH,0.33377089500427237
COOH,0.08394442558288562
COOH,0.36280864715576167
COOH,0.1041638374328615
COOH,0.5819344520568848
COOH,0.6302930545806884
COOH,0.3941813278198243
COOH,0.23670407295227047
COOH,0.027634372711181854
COOH,0.14587372779846186
COOH,0.03513569831848162
COOH,0.036246347427367986
COOH,0.2615979814529421
COOH,0.33223034858703615
COOH,0.09993750572204574
COOH,0.3322828006744385
COOH,0.8008195638656617
COOH,0.06217514038085925
COOH,0.06550644874572775
COOH,0.4605570030212398
COOH,0.4209611415863037
COOH,0.45807223320007306
COOH,0.4641262054443356
COOH,0.23356043815612804
COOH,0.10255425453186051
COOH,0.029035329818725586
COOH,0.2445107555389403
COOH,0.2017192840576172
COOH,0.6674260044097902
COOH,0.13581974029541044
COOH,0.10591583251953107
COOH,0.28849603652954103
COOH,0.42859435081481934
COOH,0.09371253013610836
COOH,0.10568078041076667
COOH,0.9259208297729491
COOH,0.29224993705749513
COOH,0.0062027645111082386
COOH,0.18953028678894057
COOH,0.1883533287048338
COOH,0.25267152786254865
COOH,0.20232432365417496
COOH,0.11135016441345202
COOH,0.29508201599121087
COOH,0.5059122562408449
COOH,0.03160089492797846
COOH,0.06281025886535652
COOH,1.1948444366455078
COOH,0.47048333168029766
COOH,0.3919048690795899
COOH,0.14443765640258777
COOH,0.35085228919982914
COOH,0.09554647445678732
COOH,0.20620326995849592
COOH,0.25169933319091786
COOH,0.5264177703857422
COOH,0.33794161796569844
COOH,0.24173282623291037
COOH,0.05369983673095691
COOH,0.1297465419769286
COOH,0.19120209693908707
COOH,0.12309700965881376
COOH,0.07314825057983398
COOH,0.060386171340942596
COOH,0.3040392971038819
COOH,0.4080114269256594
COOH,0.07339905738830588
COOH,1.357579755783081
COOH,0.24414196968078627
COOH,0.019009180068969567
COOH,0.17450099945068365
COOH,0.13342264175415064
COOH,0.44189875602722184
COOH,0.4098770904541018
COOH,0.3924093103408812
COOH,0.38611895561218246
COOH,0.011592464447021555
COOH,0.24684103965759263
COOH,0.750122947692871
COOH,0.05812500953674338
COOH,0.010673141479492276
COOH,0.37797308921813944
COOH,0.13394618988037088
COOH,0.3742446041107179
COOH,0.06902369499206529
COOH,0.11855519294738759
COOH,0.13941786766052244
COOH,0.06742639541625994
COOH,0.11389522552490217
COOH,0.07285967826843276
COOH,0.04474747657775868
COOH,0.1608591365814207
COOH,0.31984018325805685
COOH,0.03181830406188979
COOH,0.0677364921569823
COOH,0.4759229850769042
COOH,0.12447811126708963
COOH,0.22290259361267095
COOH,0.24905666351318345
COOH,0.4585698318481448
COOH,0.0011264133453368075
COOH,0.047085418701171555
COOH,0.0565128898620606
COOH,0.135916624069214
COOH,0.09841451644897425
COOH,0.15276883125305174
COOH,0.7045461177825927
COOH,0.5666768741607666
COOH,0.27723133087158214
COOH,0.012912874221801651
COOH,0.0313245868682861
COOH,0.3887248611450196
COOH,0.05695328712463388
COOH,0.4711251735687254
COOH,0.23791576385498026
COOH,0.2267731475830077
COOH,0.25170409202575694
COOH,0.44462421417236353
COOH,0.9577891826629639
COOH,0.02976103782653805
COOH,1.1587647151947023
COOH,0.6485981225967408
COOH,0.08571734428405753
COOH,0.21621346473693848
COOH,0.36673423767089863
COOH,0.006603736877441424
COOH,0.19964973449707024
COOH,0.02507918357849137
COOH,0.0403275108337402
COOH,0.2344417667388914
COOH,0.09787215232849134
COOH,0.3916336154937743
COOH,0.23066760063171365
COOH,0.18692616462707523
COOH,0.00860225677490245
COOH,0.7593994331359859
COOH,0.10860881805419886
COOH,1.8839889335632325
COOH,0.197915916442871
COOH,0.0854595279693604
COOH,0.22454113006591792
COOH,0.15356946945190408
COOH,0.1302619218826293
COOH,0.5814174175262452
COOH,0.4412657690048216
COOH,0.2603103065490724
COOH,1.0270609760284426
COOH,0.3339835166931153
COOH,0.7874766826629642
COOH,0.49974509239196774
COOH,0.04321482658386211
COOH,0.056107721328735316
COOH,0.027479600906372248
COOH,0.054834699630737394
COOH,0.011661424636840945
COOH,0.45094891548156735
COOH,0.13570951461792014
COOH,0.10768957138061541
COOH,0.30611157417297363
COOH,0.24758027076721234
COOH,0.24271878242492662
COOH,0.1797052860260009
COOH,0.2124249362945556
COOH,7.881164550793684e-05
COOH,0.11148036956787122
COOH,0.027372264862060902
COOH,0.03614506721496591
COOH,0.07136558532714865
COOH,0.3053312301635742
COOH,0.6306767559051512
COOH,0.08531481742858871
COOH,0.008290901184082156
COOH,0.3504324340820313
COOH,0.2337407779693601
COOH,0.3464493083953859
COOH,0.5365133571624754
COOH,0.11049531936645529
COOH,0.184233865737915
COOH,0.643513860702515
COOH,0.23750024795532187
COOH,0.15314103126525858
COOH,0.3229403305053711
COOH,0.023712520599365128
COOH,0.3405026054382323
COOH,0.07057078361511238
COOH,0.03973073005676264
COOH,0.21425661087036119
COOH,0.627686929702759
COOH,0.14894921302795394
COOH,0.017375211715698224
COOH,0.40057598114013704
COOH,0.7259744548797604
COOH,0.14101272583007818
COOH,0.4128054141998292
COOH,0.302228260040283
COOH,0.049026203155517756
COOH,0.053632898330688406
COOH,0.3853981304168701
COOH,0.05227738380432134
COOH,0.16183139801025392
COOH,0.1489537715911866
COOH,0.7481048488616944
COOH,0.21521875381469746
COOH,0.4970654964447023
COOH,0.11744601249694808
COOH,0.0033867168426513494
COOH,0.10967578887939444
COOH,0.8253102493286129
COOH,0.9878531551361085
COOH,0.5904956912994384
COOH,0.5183990923563635
COOH,0.02875294367472403
COOH,0.313757387797037
COOH,0.014262847900390785
COOH,0.7449015712738039
COOH,0.14977247238159208
COOH,0.24761279106140144
COOH,0.0983724212646484
COOH,0.011707735061645685
COOH,0.4832685089111326
COOH,0.23203253746032715
COOH,0.6302199459075926
COOH,0.06383704185485861
COOH,1.3380952358245857
COOH,0.11219264984130861
COOH,0.00684789657592777
COOH,0.19438008308410648
COOH,0.2645832729339599
COOH,0.05965206146240254
COOH,0.429851140975952
COOH,0.49237313270568883
COOH,0.03129238128662104
COOH,0.09861667633056648
COOH,0.2936282157897949
COOH,0.11295530319213887
COOH,0.06685703277587862
COOH,0.08269362449645978
COOH,0.09312944412231428
COOH,0.3582045936584475
COOH,0.048452043533325106
COOH,0.8540305137634281
COOH,0.023984041213989116
COOH,0.23316967010498058
COOH,0.1854651832580565
COOH,0.20258205413818353
COOH,0.11990473747253416
COOH,0.43778311729431163
COOH,0.16860403060913098
COOH,0.055880374908447106
COOH,0.2379708576202395
COOH,0.05456069946289066
COOH,0.01953448295593274
COOH,0.3464282512664796
COOH,0.22984981536865234
COOH,0.01383321762084977
COOH,0.2050879573822022
COOH,0.000839557647704936
COOH,0.07132047653198281
COOH,0.18701586723327646
COOH,0.07702719688415538
COOH,0.05044497489929212
COOH,1.3899600982666014
COOH,0.22007838249206557
COOH,0.30571471214294466
COOH,0.7307020902633667
COOH,0.6818915653228759
COOH,0.08511838912963832
COOH,0.27726754188537583
COOH,0.8107883071899415
COOH,0.24461892127990703
COOH,0.2362656593322754
COOH,0.0748396873474122
COOH,0.6708101081848143
COOH,0.10790703773498533
COOH,0.1552128410339355
COOH,0.045617370605468555
COOH,0.2531924533843992
COOH,0.3547894763946533
COOH,0.11232111930847166
COOH,0.2208628463745117
COOH,0.23842777252197278
COOH,0.2098225879669191
COOH,0.09067576408386246
COOH,0.023640871047973633
COOH,0.0765971183776859
COOH,0.2843924808502196
COOH,0.16166505813598597
COOH,0.31608488082885744
COOH,0.47972493171691877
COOH,0.5081681442260741
COOH,0.284543581008911
COOH,0.06903500556945819
COOH,0.1134244537353517
COOH,0.0025431632995607245
COOH,0.40445891380310073
COOH,0.20207819938659677
COOH,0.1149922370910641
COOH,0.06996891021728491
COOH,0.6908032131195068
COOH,0.010069084167480646
COOH,0.022426443099975657
COOH,0.3528361225128174
COOH,0.27899559974670396
COOH,0.34963008880615254
COOH,0.15416715621948285
COOH,0.15598549842834464
COOH,0.007407751083373881
COOH,0.09397950172424308
COOH,1.1001933574676515
COOH,0.5926229953765869
COOH,0.17599961280822773
COOH,0.19652950286865245
COOH,0.13185430526733377
COOH,0.8553764820098877
COOH,1.0172493934631346
COOH,0.22714027404785142
COOH,0.2556541156768799
COOH,0.1160260868072509
COOH,0.15904141426086404
COOH,0.2861945247650146
COOH,0.09563707351684592
COOH,0.48670400619506804
COOH,0.2394852256774902
COOH,0.01842743396759028
COOH,0.43991561412811286
COOH,0.0006099510192871804
COOH,0.20599284172058097
COOH,0.3191897392272951
COOH,0.34836070537567143
COOH,0.3960798358917237
COOH,0.30201330184936515
COOH,0.13574384689331076
COOH,0.21815281867980962
COOH,0.5963544940948484
COOH,0.00248368263244636
COOH,0.24797167778015128
COOH,0.052986021041870224
COOH,0.20622828483581523
COOH,0.4488113975524901
COOH,0.35167596817016644
COOH,0.37462746620178233
COOH,0.1787699604034425
COOH,0.03735863685607921
COOH,0.21433593750000002
COOH,0.3230611896514892
COOH,0.3075099182128902
COOH,0.12294338226318358
COOH,0.07435549736022962
COOH,0.02934675216674787
COOH,0.44207140922546406
COOH,0.5618758296966551
COOH,0.19928970336914098
COOH,0.26550686836242665
COOH,0.44069566726684606
COOH,0.6300561809539795
COOH,0.43759837150573766
COOH,0.09258001327514664
COOH,0.2260083103179933
COOH,0.13021085739135785
COOH,0.46912796974182136
COOH,0.37732159614563
COOH,0.21400968551635735
COOH,0.042992572784424254
COOH,0.3818460750579833
COOH,0.1577790546417237
COOH,0.9880702495574951
COOH,0.3766150760650633
COOH,0.16172181129455554
COOH,0.12473735809326181
COOH,0.011165189743041815
COOH,0.35919615745544453
COOH,0.33413384437561033
COOH,0.3091682338714601
COOH,0.21004488945007305
COOH,0.18916093826293956
COOH,0.5514733314514162
COOH,0.23929852485656733
COOH,0.03139853477478027
COOH,0.05179555892944343
COOH,0.15455348014831527
COOH,0.3599568748474118
COOH,0.02003541946411147
COOH,0.3439910411834717
COOH,0.14452751159667976
COOH,0.6836699867248535
COOH,0.04975264549255387
COOH,0.6621569347381593
COOH,0.4378294849395754
COOH,0.19448076248168977
COOH,0.35306551933288555
COOH,0.3508053302764891
COOH,0.09222487449646
COOH,0.4414521217346188
COOH,0.23309046745300277
COOH,0.2251948070526124
COOH,0.15092186927795392
COOH,0.6030338382720943
COOH,0.038819713592529226
COOH,0.2243809413909914
COOH,0.15139904022216788
COOH,0.19938866615295403
COOH,0.5798170375823979
COOH,0.248820867538452
COOH,0.43509797096252445
COOH,0.08608534812927227
COOH,0.32721266746521005
COOH,0.016588010787963903
COOH,0.5224784088134764
COOH,0.2862058544158934
COOH,0.20907778739929217
COOH,0.5396336269378663
COOH,0.17725027084350575
COOH,0.8159301471710205
COOH,0.1778023433685303
COOH,0.7857496547698979
COOH,0.7115363597869875
COOH,0.2905146217346193
COOH,0.5504608440399168
COOH,0.34560231208801273
COOH,0.09749672889709471
COOH,0.6390218067169191
COOH,0.12114380836486838
COOH,0.1474643516540528
COOH,0.011362600326537908
COOH,0.4058051109313965
COOH,0.0701449203491209
COOH,0.26648234367370627
COOH,0.06891551017761222
COOH,0.7778257846832275
COOH,0.5821083354949952
COOH,0.8514367866516115
COOH,0.5791778755187984
COOH,0.1780617427825928
COOH,0.7090608119964603
COOH,0.3127534580230713
COOH,0.1538954639434813
COOH,0.21167983055114759
COOH,0.2763121318817139
COOH,0.10364098548889178
COOH,0.9945748615264893
COOH,0.02251557350158695
COOH,1.3864391326904297
COOH,1.1953586578369144
COOH,0.14683035850524906
COOH,0.31654422760009737
COOH,0.3917505836486814
COOH,0.42767285346984885
COOH,0.7320433616638184
COOH,0.2619832706451417
COOH,0.233487730026245
PrimaryAmine,0.026609401702881286
PrimaryAmine,0.1595774459838868
PrimaryAmine,0.03554910659790078
PrimaryAmine,0.04758251190185625
PrimaryAmine,0.14706676483154268
PrimaryAmine,0.3686803436279291
PrimaryAmine,0.2356168746948235
PrimaryAmine,0.7076692390441899
PrimaryAmine,0.2526077270507816
PrimaryAmine,0.46781490325927777
PrimaryAmine,0.6515174484252935
PrimaryAmine,0.3868629074096681
PrimaryAmine,0.19132225036621087
PrimaryAmine,0.3191749572753899
PrimaryAmine,0.35220466613769474
PrimaryAmine,0.0691927146911624
PrimaryAmine,0.008691520690918608
PrimaryAmine,0.28958999633788984
PrimaryAmine,0.3417461776733397
PrimaryAmine,0.35016685485839805
PrimaryAmine,0.04601642608642642
PrimaryAmine,0.1385655593872066
PrimaryAmine,0.2978797340393058
PrimaryAmine,0.8538590621948234
PrimaryAmine,0.43456766128540014
PrimaryAmine,0.04635787963867166
PrimaryAmine,0.06533479690551758
PrimaryAmine,0.5717643356323245
PrimaryAmine,0.5199290084838868
PrimaryAmine,0.2993522834777824
PrimaryAmine,0.3167941665649412
PrimaryAmine,0.17633619308471715
PrimaryAmine,0.22728290557861364
PrimaryAmine,0.24754104614257777
PrimaryAmine,0.04431255340576179
PrimaryAmine,0.3276764488220216
PrimaryAmine,0.16790410995483374
PrimaryAmine,0.14548921585083008
PrimaryAmine,0.29822254180908203
PrimaryAmine,0.21886707305908182
PrimaryAmine,0.2605158233642584
PrimaryAmine,2.0713460159301755
PrimaryAmine,0.36798553466796946
PrimaryAmine,0.22636150360107443
PrimaryAmine,0.28783657073974567
PrimaryAmine,0.1764737701416017
PrimaryAmine,0.35354892730712884
PrimaryAmine,0.19091417312622028
PrimaryAmine,0.3174920845031739
PrimaryAmine,0.027254524230956534
PrimaryAmine,0.2867341995239254
PrimaryAmine,0.799780082702636
PrimaryAmine,0.16141521453857344
PrimaryAmine,0.7280992889404292
PrimaryAmine,0.33072164535522486
PrimaryAmine,1.780024147033691
PrimaryAmine,0.06525194168090831
PrimaryAmine,0.08761068344116207
PrimaryAmine,0.176686344146729
PrimaryAmine,0.5463280487060551
PrimaryAmine,0.3227170944213871
PrimaryAmine,0.3711179161071776
PrimaryAmine,0.1475835800170895
PrimaryAmine,0.9199271774291988
PrimaryAmine,0.10447948455810518
PrimaryAmine,0.039935646057129404
PrimaryAmine,0.13922407150268512
PrimaryAmine,0.33016216278076094
PrimaryAmine,0.5644077301025394
PrimaryAmine,0.48036464691162095
PrimaryAmine,0.1403089714050294
PrimaryAmine,0.36945400238037074
PrimaryAmine,0.4985224342346193
PrimaryAmine,0.6036223983764657
PrimaryAmine,0.13931152343750064
PrimaryAmine,0.9379560661315915
PrimaryAmine,0.2701269340515129
PrimaryAmine,0.7053705024719239
PrimaryAmine,0.19296419143676768
PrimaryAmine,0.38632724761962933
PrimaryAmine,0.08787307739257777
PrimaryAmine,0.11182882308959918
PrimaryAmine,0.838810176849365
PrimaryAmine,0.10723920822143551
PrimaryAmine,0.6532798385620122
PrimaryAmine,0.5014750289916989
PrimaryAmine,0.32243614196777415
PrimaryAmine,0.20866901397705107
PrimaryAmine,0.12209453582763707
PrimaryAmine,0.20488162994384762
PrimaryAmine,0.42091436386108416
PrimaryAmine,0.2630980110168455
PrimaryAmine,0.15325555801391566
PrimaryAmine,0.5050142478942874
PrimaryAmine,0.09448749542236357
PrimaryAmine,0.6702759933471683
PrimaryAmine,0.8556017303466792
PrimaryAmine,0.3268943977355958
PrimaryAmine,0.002526817321777841
PrimaryAmine,0.29948251724243136
PrimaryAmine,0.0584101867675777
PrimaryAmine,0.06958587646484382
PrimaryAmine,0.2010394668579103
PrimaryAmine,0.05545909881591804
PrimaryAmine,0.506767730712891
PrimaryAmine,0.5085081863403325
PrimaryAmine,0.4636217117309567
PrimaryAmine,0.37846410751342763
PrimaryAmine,0.0746991348266608
PrimaryAmine,0.10045907974243207
PrimaryAmine,0.24063240051269474
PrimaryAmine,1.0305829238891597
PrimaryAmine,0.08971567153930682
PrimaryAmine,0.5288884353637702
PrimaryAmine,0.08074787139892514
PrimaryAmine,0.052140827178955185
PrimaryAmine,0.17838733673095675
PrimaryAmine,0.9687645339965822
PrimaryAmine,0.1517846107482912
PrimaryAmine,0.19481168746948274
PrimaryAmine,0.8571586227417001
PrimaryAmine,0.20294361114502024
PrimaryAmine,1.5861035537719719
PrimaryAmine,0.3329596900939933
PrimaryAmine,0.8736930465698238
PrimaryAmine,0.9839303588867185
PrimaryAmine,0.1230118751525886
PrimaryAmine,0.10772453308105412
PrimaryAmine,0.5566279983520506
PrimaryAmine,1.0783616638183595
PrimaryAmine,0.3573702621459969
PrimaryAmine,0.030497932434082387
PrimaryAmine,0.006504020690918821
PrimaryAmine,0.9746658325195305
PrimaryAmine,0.09030746459960959
PrimaryAmine,0.6008757400512703
PrimaryAmine,0.05376108169555671
PrimaryAmine,1.0154848098754883
PrimaryAmine,0.27708171844482443
PrimaryAmine,0.15383548736572195
PrimaryAmine,1.9625592994689942
PrimaryAmine,0.2710838508605953
PrimaryAmine,0.5734402847290037
PrimaryAmine,0.06016557693481417
PrimaryAmine,0.004626140594482742
PrimaryAmine,0.08662872314453107
PrimaryAmine,0.10132680892944368
PrimaryAmine,0.7541237258911124
PrimaryAmine,1.0887028884887702
PrimaryAmine,0.6454778289794927
PrimaryAmine,0.02809947967529247
PrimaryAmine,0.0040441703796387785
PrimaryAmine,0.09954690933227539
PrimaryAmine,0.6997738838195797
PrimaryAmine,0.014844074249267258
PrimaryAmine,0.27087093353271463
PrimaryAmine,0.18427751541137738
PrimaryAmine,0.09935379028320312
PrimaryAmine,0.16081197738647468
PrimaryAmine,0.019567222595215483
PrimaryAmine,0.8208933639526368
PrimaryAmine,0.8126031875610344
PrimaryAmine,0.0882297134399419
PrimaryAmine,0.29808900833129925
PrimaryAmine,0.07757389068603437
PrimaryAmine,1.1400628280639644
PrimaryAmine,0.19390943527221616
PrimaryAmine,0.5841427993774406
PrimaryAmine,0.24466686248779368
PrimaryAmine,0.22376804351806712
PrimaryAmine,0.3214759826660156
PrimaryAmine,0.5112804031372074
PrimaryAmine,1.3772739028930658
PrimaryAmine,0.16682048797607507
PrimaryAmine,0.039349632263183665
PrimaryAmine,0.2232015609741218
PrimaryAmine,0.951692428588867
PrimaryAmine,1.1050275802612308
PrimaryAmine,0.04814088821411122
PrimaryAmine,0.16155536651611335
PrimaryAmine,0.07225793838501016
PrimaryAmine,0.30678150177002017
PrimaryAmine,0.16047283172607507
PrimaryAmine,0.7897481918334961
PrimaryAmine,1.0966567611694344
PrimaryAmine,0.3023799896240238
PrimaryAmine,0.06358608245849595
PrimaryAmine,0.4600116348266603
PrimaryAmine,0.3953336906433105
PrimaryAmine,0.33949001312255866
PrimaryAmine,0.15762975692749048
PrimaryAmine,1.1664425277709958
PrimaryAmine,0.6013012695312501
PrimaryAmine,0.3135423278808602
PrimaryAmine,1.0795979499816895
PrimaryAmine,0.1154352188110348
PrimaryAmine,0.22632892608642585
PrimaryAmine,0.951926155090332
PrimaryAmine,0.3132994079589846
PrimaryAmine,0.094159545898437
PrimaryAmine,0.0971487617492679
PrimaryAmine,0.3769315719604496
PrimaryAmine,0.4007681655883797
PrimaryAmine,0.026203575134277735
PrimaryAmine,0.9645949172973634
PrimaryAmine,0.2306833648681632
PrimaryAmine,0.2004798507690424
PrimaryAmine,0.08344455718994226
PrimaryAmine,0.4333421707153313
PrimaryAmine,0.22141006469726499
PrimaryAmine,0.39643594741821264
PrimaryAmine,0.047870864868164276
PrimaryAmine,0.3748753738403323
PrimaryAmine,0.5179124832153317
PrimaryAmine,0.7775369262695317
PrimaryAmine,0.20680198669433558
PrimaryAmine,0.31982837677001896
PrimaryAmine,0.3741970825195313
PrimaryAmine,0.020796432495116868
PrimaryAmine,0.26157178878784215
PrimaryAmine,0.01551696777343814
PrimaryAmine,0.1631193923950196
PrimaryAmine,0.6536835479736336
PrimaryAmine,0.17629673004150348
PrimaryAmine,0.7452567481994627
PrimaryAmine,0.34011577606201193
PrimaryAmine,0.15395263671875004
PrimaryAmine,0.479770736694336
PrimaryAmine,0.3667331504821778
PrimaryAmine,0.006882133483886221
PrimaryAmine,0.4575917434692389
PrimaryAmine,0.3565585136413576
PrimaryAmine,0.10886026382446268
PrimaryAmine,0.02161918640136662
PrimaryAmine,0.27999010086059606
PrimaryAmine,0.28967403411865256
PrimaryAmine,0.32908813476562493
PrimaryAmine,0.3505425262451176
PrimaryAmine,0.31150096893310497
PrimaryAmine,0.5621392440795905
PrimaryAmine,0.3134134292602546
PrimaryAmine,0.22297845840454134
PrimaryAmine,0.5448293685913086
PrimaryAmine,0.16637821197509695
PrimaryAmine,0.6540772438049309
PrimaryAmine,0.0037207412719730826
PrimaryAmine,0.7984441375732425
PrimaryAmine,0.929904747009278
PrimaryAmine,0.291502037048339
PrimaryAmine,0.029154682159424183
PrimaryAmine,0.07232019424438452
PrimaryAmine,0.123219184875488
PrimaryAmine,0.03503559112548871
PrimaryAmine,0.7939864730834962
PrimaryAmine,0.7458911132812496
PrimaryAmine,0.10242317199707074
PrimaryAmine,0.38784324645996016
PrimaryAmine,0.5252100753784177
PrimaryAmine,0.19619922637939524
PrimaryAmine,0.3820607948303216
PrimaryAmine,0.18923473358154297
PrimaryAmine,0.11955425262451236
PrimaryAmine,0.8266839599609384
PrimaryAmine,0.03768318176269503
PrimaryAmine,0.9122928619384769
PrimaryAmine,0.2581369972229002
PrimaryAmine,0.05546213150024393
PrimaryAmine,0.8506809616088873
PrimaryAmine,0.3630808258056639
PrimaryAmine,0.07738296508789055
PrimaryAmine,0.023520011901855042
PrimaryAmine,0.01245861053466868
PrimaryAmine,0.09870889663696314
PrimaryAmine,0.15929557800292926
PrimaryAmine,0.593839416503906
PrimaryAmine,0.4228441238403313
PrimaryAmine,0.828082542419434
PrimaryAmine,0.12078634262084975
PrimaryAmine,0.603789405822754
PrimaryAmine,0.4712641334533689
PrimaryAmine,0.4193665695190427
PrimaryAmine,0.5859605979919431
PrimaryAmine,0.05092311859130838
PrimaryAmine,0.6187281417846684
PrimaryAmine,1.3247351837158199
PrimaryAmine,0.2963393402099612
PrimaryAmine,0.2121986198425292
PrimaryAmine,0.01651376724243203
PrimaryAmine,0.2504440879821779
PrimaryAmine,0.13321895599365163
PrimaryAmine,0.0685966300964358
PrimaryAmine,0.2136289215087892
PrimaryAmine,0.0395724296569826
PrimaryAmine,0.5580588150024415
PrimaryAmine,0.030788803100586293
PrimaryAmine,0.19986486434936523
PrimaryAmine,0.10468717575073239
PrimaryAmine,0.9948308944702147
PrimaryAmine,0.6386815261840812
PrimaryAmine,0.04239894866943317
PrimaryAmine,0.25888925552368125
PrimaryAmine,0.1020803451538086
PrimaryAmine,0.317681083679199
PrimaryAmine,0.6039450263977049
PrimaryAmine,0.5914559555053707
PrimaryAmine,0.4420073509216307
PrimaryAmine,0.22738065719604528
PrimaryAmine,0.8073416900634758
PrimaryAmine,0.9316227340698244
PrimaryAmine,0.19671054840087976
PrimaryAmine,0.17071613311767564
PrimaryAmine,0.4492462921142586
PrimaryAmine,0.09883628845214876
PrimaryAmine,0.2873801040649422
PrimaryAmine,0.8288510131835931
PrimaryAmine,0.4179838943481444
PrimaryAmine,0.492712211608886
PrimaryAmine,0.02400024414062507
PrimaryAmine,0.5387648391723641
PrimaryAmine,0.05056659698486321
PrimaryAmine,0.0018400764465331676
PrimaryAmine,0.16260929107666033
PrimaryAmine,0.22379199981689446
PrimaryAmine,0.18330461502075224
PrimaryAmine,0.3395051193237304
PrimaryAmine,0.3662198638916019
PrimaryAmine,0.05487163543701179
PrimaryAmine,0.2946584129333498
PrimaryAmine,0.18487237930297873
PrimaryAmine,0.08086505889892592
PrimaryAmine,0.18889383316040043
PrimaryAmine,0.40437187194824276
PrimaryAmine,0.38353042602539134
PrimaryAmine,1.0828407669067381
PrimaryAmine,0.04150173187255923
PrimaryAmine,0.5606119155883782
PrimaryAmine,0.5411892318725577
PrimaryAmine,0.1278091430664059
PrimaryAmine,0.20394496917724592
PrimaryAmine,0.5366250228881828
PrimaryAmine,0.16655179977416967
PrimaryAmine,0.6701350021362309
PrimaryAmine,0.4283953475952149
PrimaryAmine,0.13464216232299808
PrimaryAmine,0.7108494949340827
PrimaryAmine,0.8411458587646479
PrimaryAmine,0.013268089294433238
PrimaryAmine,0.12314025878906243
PrimaryAmine,0.13758861541748058
PrimaryAmine,0.165197048187256
PrimaryAmine,0.3971182632446286
PrimaryAmine,0.06460613250732461
PrimaryAmine,0.07362928390502965
PrimaryAmine,0.9582757949829102
PrimaryAmine,0.4123954963684078
PrimaryAmine,0.0819668197631831
PrimaryAmine,0.27188426971435575
PrimaryAmine,0.968198814392089
PrimaryAmine,0.018489856719970277
PrimaryAmine,1.3699277114868167
PrimaryAmine,0.2841684341430657
PrimaryAmine,1.145793151855468
PrimaryAmine,0.9168254280090338
PrimaryAmine,0.5000722885131843
PrimaryAmine,0.3873777770996094
PrimaryAmine,0.2398396110534664
PrimaryAmine,0.2547608375549313
PrimaryAmine,0.6195384788513181
PrimaryAmine,0.19504482269287138
PrimaryAmine,0.12634260177612333
PrimaryAmine,0.04563224792480547
PrimaryAmine,0.4808739089965819
PrimaryAmine,0.8423876190185542
PrimaryAmine,0.21508857727050845
PrimaryAmine,0.032823219299316975
PrimaryAmine,0.41472270965576197
PrimaryAmine,0.015260353088378587
PrimaryAmine,0.012096977233886363
PrimaryAmine,0.09535289764404276
PrimaryAmine,0.3006321144103996
PrimaryAmine,0.7127956771850581
PrimaryAmine,1.391910877227783
PrimaryAmine,0.12657587051391594
PrimaryAmine,0.3203627204895021
PrimaryAmine,0.25004306793212905
PrimaryAmine,0.1013188552856441
PrimaryAmine,0.009436149597167542
PrimaryAmine,0.06513002395629908
PrimaryAmine,0.15872470855712884
PrimaryAmine,0.9717353820800785
PrimaryAmine,0.22480953216552813
PrimaryAmine,0.13686727523803732
PrimaryAmine,0.7806811141967778
PrimaryAmine,0.25992094039917024
PrimaryAmine,0.06119594573974574
Pyridine,2.32263765335083
Pyridine,0.4197200202941893
Pyridine,0.17594041824340856
Pyridine,0.4311401367187502
Pyridine,0.603945388793945
Pyridine,1.686222667694092
Pyridine,0.40679254531860387
Pyridine,0.4860579109191896
Pyridine,0.1447365379333494
Pyridine,0.2580277252197263
Pyridine,0.9412210845947264
Pyridine,0.23743978500366225
Pyridine,0.2239847755432125
Pyridine,0.4646325302124019
Pyridine,0.6104001235961913
Pyridine,0.3967205810546872
Pyridine,0.2543438434600831
Pyridine,1.2044748306274413
Pyridine,0.5203466606140132
Pyridine,0.3850235557556152
Pyridine,0.2967687416076661
Pyridine,0.199291591644287
Pyridine,0.044432239532470774
Pyridine,0.14477647781372038
Pyridine,0.06386754989624066
Pyridine,0.7410112190246583
Pyridine,0.09605190277099585
Pyridine,0.7530240821838383
Pyridine,0.973615856170654
Pyridine,0.7243346214294437
Pyridine,1.561540126800537
Pyridine,0.04097711563110362
Pyridine,0.05494710922241186
Pyridine,0.8626892662048338
Pyridine,0.7373973846435549
Pyridine,0.1458124351501464
Pyridine,0.7272907257080075
Pyridine,0.7654178047180178
Pyridine,0.14610265731811545
Pyridine,0.4223749732971189
Pyridine,0.737972679138184
Pyridine,0.07780126571655277
Pyridine,0.16732997894287127
Pyridine,0.7199014282226566
Pyridine,0.3402148246765133
Pyridine,0.444836025238037
Pyridine,0.39734209060668935
Pyridine,0.21184728622436566
Pyridine,0.10429683685302749
Pyridine,0.4289500617980959
Pyridine,0.008209533691406534
Pyridine,0.4264447975158694
Pyridine,0.5686562442779541
Pyridine,0.7131248092651368
Pyridine,1.259827423095703
Pyridine,0.34789226531982465
Pyridine,0.12195354461669883
Pyridine,0.3389563941955567
Pyridine,0.40179851531982447
Pyridine,0.2821073913574219
Pyridine,0.6760761451721189
Pyridine,0.4226531791687016
Pyridine,0.386495771408081
Pyridine,0.2312611579895023
Pyridine,0.556097583770752
Pyridine,0.25835224151611325
Pyridine,0.03045305252075181
Pyridine,1.0127343368530273
Pyridine,0.5628853702545165
Pyridine,0.09569469451904311
Pyridine,0.06280244827270476
Pyridine,0.04317575454711875
Pyridine,0.14517911911010728
Pyridine,0.35621076583862266
Pyridine,0.2690016937255857
Pyridine,0.051578731536864986
Pyridine,0.16272943496704073
Pyridine,0.25902321815490703
Pyridine,0.03053388595581019
Pyridine,2.019869747161865
Pyridine,0.5039265632629393
Pyridine,0.4776944732666015
Pyridine,1.9153071594238282
Pyridine,2.486777973175049
Pyridine,0.5653585815429691
Pyridine,0.05194601058959947
Pyridine,0.012209281921387038
Pyridine,0.031564521789550604
Pyridine,0.057481784820556214
Pyridine,0.1652482986450199
Pyridine,1.113369083404541
Pyridine,0.02754764556884748
Pyridine,1.068862476348877
Pyridine,0.28162771224975547
Pyridine,0.16711606979370153
Pyridine,0.1101310539245608
Pyridine,0.13099824905395518
Pyridine,0.19046932220458945
Pyridine,0.38085807800292937
Pyridine,0.13005826950073285
Pyridine,0.30152376174926765
Pyridine,2.64670352935791
Pyridine,0.05793672561645469
Pyridine,0.003092346191405859
Pyridine,0.320853900909424
Pyridine,0.30274398803710945
Pyridine,0.13591733932495131
Pyridine,0.11232280731201172
Pyridine,0.6312273597717288
Pyridine,0.6047509384155276
Pyridine,0.7342506217956544
Pyridine,0.424333114624023
Pyridine,0.010344791412353338
Pyridine,0.09723922729492163
Pyridine,0.6605171203613285
Pyridine,0.3441921234130856
SecondaryAmine,0.5723491287231441
SecondaryAmine,0.6917260360717776
SecondaryAmine,0.10614196777343743
SecondaryAmine,1.374461860656738
SecondaryAmine,0.45306095123291
SecondaryAmine,0.3308032226562503
SecondaryAmine,0.4197210311889652
SecondaryAmine,0.3538222885131841
SecondaryAmine,0.340556449890137
SecondaryAmine,0.16026889801025312
SecondaryAmine,0.31216604232788114
SecondaryAmine,0.47516574859619176
SecondaryAmine,1.0513707351684571
SecondaryAmine,1.0977302551269528
SecondaryAmine,1.0641924476623537
SecondaryAmine,0.5054869079589839
SecondaryAmine,0.23083194732666001
SecondaryAmine,0.6567545700073243
SecondaryAmine,0.9115684509277351
SecondaryAmine,1.937866954803467
SecondaryAmine,1.8679017639160156
SecondaryAmine,0.5953104019165032
SecondaryAmine,0.2187504768371582
SecondaryAmine,0.33384632110595724
SecondaryAmine,0.9986108016967776
SecondaryAmine,0.692853507995606
SecondaryAmine,0.02634181976318395
SecondaryAmine,0.2916141510009762
SecondaryAmine,0.29416172027587884
SecondaryAmine,0.13870853424072216
SecondaryAmine,1.1599668884277339
SecondaryAmine,2.1382071304321286
SecondaryAmine,0.03238258361816371
SecondaryAmine,0.0709838676452641
SecondaryAmine,0.6172211456298822
SecondaryAmine,0.5971982955932624
SecondaryAmine,0.23845424652099645
SecondaryAmine,0.3780995941162111
SecondaryAmine,1.8957757377624507
SecondaryAmine,1.1516865158081053
SecondaryAmine,0.5167965316772456
SecondaryAmine,0.18907321929931697
SecondaryAmine,1.4111695861816411
SecondaryAmine,0.47704715728759695
SecondaryAmine,0.33532835006713846
SecondaryAmine,0.5018146896362303
SecondaryAmine,0.11420528411865227
SecondaryAmine,1.0352216339111333
SecondaryAmine,0.01246562957763686
SecondaryAmine,0.24969373703002962
SecondaryAmine,1.3163796997070314
SecondaryAmine,0.6340102767944344
SecondaryAmine,2.506153011322022
SecondaryAmine,0.492969017028809
SecondaryAmine,0.17654193878173885
SecondaryAmine,1.659715309143067
Imidazole,1.2479944229125977
Imidazole,0.06075197219848594
Imidazole,1.726600551605225
Imidazole,0.06853288650512734
Imidazole,0.2599496650695805
Imidazole,1.3211415290832518
Imidazole,0.14414247512817369
Imidazole,0.05258844375610394
Imidazole,2.1411856651306156
Imidazole,0.475126800537109
Imidazole,1.8853064727783204
Imidazole,1.6943408203125
Imidazole,1.3456368637084957
Imidazole,0.2141104316711422
Phenol,0.19994159698486413
Phenol,0.6270572090148923
Phenol,0.30206855773925767
Phenol,0.35168197631835874
Phenol,0.28489131927490163
Phenol,0.038303604125976776
Phenol,0.8732271194458008
Phenol,0.3882969284057616
Phenol,0.08727802276611385
Phenol,0.05785415649414105
Phenol,0.5106013107299798
Phenol,0.5008364868164055
Phenol,0.48918178558349545
Phenol,0.5911120986938485
Phenol,0.46216083526611307
Phenol,0.6129465866088868
Phenol,1.3243926048278816
Phenol,0.771327629089356
Phenol,1.895580654144288
Phenol,1.0573778533935538
Phenol,0.5615946006774895
Phenol,0.22732711791992166
Phenol,0.3276927566528318
Phenol,1.0028074455261233
Phenol,2.322311458587647
Phenol,0.41335483551025476
Phenol,1.942711982727051
Phenol,0.7168377304077147
Phenol,0.13000267028808565
Phenol,0.9753087997436527
Phenol,0.07376113891601577
Phenol,2.2007388877868657
Phenol,0.25273147583007827
Phenol,0.725131187438965
Phenol,0.11241111755371058
Phenol,0.5674068069458009
Phenol,0.3209281539916997
Phenol,0.4905051040649422
Phenol,0.003882865905762145
Phenol,0.27368244171142564
Phenol,0.03980144500732408
Phenol,0.2819485092163081
Phenol,0.4614237022399905
Phenol,0.06083572387695391
Phenol,0.4870718383789061
Phenol,0.4171582412719719
Phenol,0.3434108352661127
Phenol,0.14433746337890607
Phenol,0.01983768463134794
Phenol,0.7500441360473626
Phenol,1.7958495330810544
Phenol,0.13079288482665952
Phenol,0.38953750610351534
Phenol,0.04733173370361321
Phenol,0.02685924530029382
Phenol,0.0016035461425776276
Phenol,0.11578750610351562
Phenol,0.9865893173217781
Phenol,0.0959694671630853
Phenol,1.1003705406188962
Phenol,0.626792488098145
Phenol,0.555282154083252
Phenol,0.5580490493774413
Phenol,1.1627608108520509
Phenol,0.02741012573242152
Phenol,0.3919839859008789
Phenol,0.012392501831055114
Phenol,0.2861943435668941
Phenol,0.3833796310424802
Phenol,0.3574740219116208
Phenol,0.6511512184143067
Phenol,0.5710187911987301
Phenol,0.3500844192504875
Phenol,0.9777517318725586
Phenol,0.09132160186767635
Phenol,0.04540828704833899
Phenol,2.9967032814025885
Phenol,1.4303312301635742
Phenol,0.21358745574951143
Phenol,0.8518136978149418
Phenol,0.5033693313598633
Phenol,0.6731810379028325
Phenol,0.1229656219482429
Phenol,0.6828460884094234
Phenol,0.5715682220458991
Phenol,0.07749187469482344
Phenol,2.0716141319274897
Phenol,0.1444028091430667
Phenol,0.3566964721679682
Phenol,1.0606322097778325
Phenol,1.4992368507385248
Phenol,1.0967932128906241
Phenol,0.9469089889526359
Phenol,0.06959354400634687
Phenol,0.21617168426513622
Phenol,0.5105924606323242
Phenol,0.30470546722412095
Phenol,2.97322286605835
Phenol,1.085044059753418
Phenol,0.3048743820190438
Phenol,0.4898568344116203
Phenol,0.19877616882324212
Phenol,0.23575679779052727
Phenol,0.1891164588928227
Phenol,0.3600680923461912
Phenol,0.47479167938232436
Phenol,0.17020572662353572
Phenol,0.5184020614624032
Phenol,1.3621886062622064
Phenol,0.5876602554321284
TertiaryAmine,0.03904514312744212
TertiaryAmine,0.1486811447143559
TertiaryAmine,0.15099821090698207
TertiaryAmine,0.1312029075622565
TertiaryAmine,0.12190551757812429
TertiaryAmine,1.0606123733520505
TertiaryAmine,0.4477878952026373
TertiaryAmine,0.011683578491210156
TertiaryAmine,3.4764107322692865
TertiaryAmine,0.734299278259277
TertiaryAmine,2.92970422744751
TertiaryAmine,1.9946308135986328
TertiaryAmine,0.4792662429809571
TertiaryAmine,1.1272369766235348
TertiaryAmine,0.8764646530151374
TertiaryAmine,0.11383762359619176
TertiaryAmine,0.28815603256225586
TertiaryAmine,1.1646270751953125
TertiaryAmine,0.753595161437989
TertiaryAmine,0.3075207519531258
TertiaryAmine,0.4727237319946287
TertiaryAmine,0.17874267578124936
TertiaryAmine,0.87616268157959
TertiaryAmine,0.17651744842529382
TertiaryAmine,0.6056674766540526
TertiaryAmine,0.41392452239990263
TertiaryAmine,1.194658317565918
TertiaryAmine,0.22826786041259695
TertiaryAmine,1.634726943969726
TertiaryAmine,1.2028046035766602
Aniline,0.34330458641052264
Aniline,0.1277230072021487
Aniline,0.4687444591522216
Aniline,0.010462284088134766
Aniline,0.12460447311401346
Aniline,0.4224056816101074
Aniline,0.062089385986328516
Aniline,0.2545204544067383
Aniline,0.01734468460082983
Aniline,0.11018852233886722
Aniline,0.5072694969177247
Aniline,0.051292915344237855
Aniline,0.5572395229339602
Aniline,0.07609561920166019
Aniline,1.3641395282745359
Aniline,0.22261355400085447
Aniline,0.2705113983154295
Aniline,0.38160666465759263
Aniline,0.11834697723388654
Aniline,0.9338707065582277
Aniline,1.7335594749450682
Aniline,1.1543035984039305
Aniline,1.803338451385498
Aniline,1.060581226348877
Aniline,1.4077897739410403
Aniline,0.5985346794128419
Aniline,0.42544136047363246
Thiol,0.03689655303955064
Thiol,0.8132353591918946
Thiol,0.3921169090270995
Thiol,0.7264880943298344
Thiol,0.2145902824401853
Thiol,0.3096870040893549
Thiol,1.229942436218261
Thiol,1.3727894592285157
Thiol,0.3534659194946297
Thiol,0.31947601318359453
Thiol,0.7108129501342777
Thiol,0.6518695831298835
Thiol,0.5012260055541997
Thiol,0.6397551727294921
Thiol,0.3772069931030275
Thiol,0.3720958900451663
Thiol,0.22384881973266602
Thiol,1.5105615615844723
Thiol,0.38751386642456076
Thiol,0.9492515182495112
Thiol,0.13219352722168054
Thiol,0.6129097557067871
Thiol,0.2712998771667472
Thiol,0.18876781463623082
Thiol,0.4194324874877928
Thiol,0.18778217315673906
SulfonicAcid,0.4297527027130128
SulfonicAcid,0.6102178382873535
SulfonicAcid,0.29575723648071284
SulfonicAcid,0.01467295646667477
PhosphonicAcid,0.27283123016357447
PhosphonicAcid,0.12412638664245601
PhosphonicAcid,0.4099587440490726
PhosphonicAcid,0.5964872598648071
PhosphonicAcid,0.3337550926208497
PhosphonicAcid,0.2068581819534301
PhosphonicAcid,0.3693643887837723
PhosphonicAcid,0.5392644882202149
PhosphonicAcid,0.01559038162231463
PhosphonicAcid,0.13868739604949942
PhosphonicAcid,0.28985082626342784
PhosphonicAcid,0.43415148258209224
PhosphonicAcid,0.06776264190673764
PhosphonicAcid,1.0596546459198
PhosphonicAcid,0.511211757659912
PhosphonicAcid,0.07443625926971431
PhosphonicAcid,0.010595149993896769
PhosphonicAcid,0.13485491275787354
PhosphonicAcid,0.27336589813232415
PhosphonicAcid,0.7802242040634155
PhosphonicAcid,0.04902982711791992
PhosphonicAcid,0.07950774510701564
PhosphonicAcid,0.09682037830352774
PhosphonicAcid,0.16692014694213775
PhosphonicAcid,0.5298115968704223
PhosphonicAcid,0.5388207054138183
PhosphonicAcid,4.646140694618225
PhosphonicAcid,0.06800878047943115
PhosphonicAcid,0.0923481941223141
PhosphonicAcid,0.0022884178161621804
PhosphonicAcid,1.035780358314514
PhosphonicAcid,0.10381210327148427
PhosphonicAcid,0.2625603437423707
PhosphonicAcid,0.21146785736083995
PhosphonicAcid,0.329105968475341
PhosphonicAcid,0.42538170814514165
PhosphonicAcid,0.3726580238342283
Phosphate,0.36785893440246586
Phosphate,0.29469467163085916
Phosphate,0.47465748786926265
Phosphate,0.619908084869385
Phosphate,0.14696352481842045
Phosphate,0.5663972473144527
Phosphate,0.1515754222869874
Phosphate,0.5279797554016117
Phosphate,0.6641532182693481
Phosphate,0.797177791595459
Phosphate,1.4314617538452143
Phosphate,1.5633524417877198
Phosphate,1.0532672691345217
Phosphate,0.8317020034790037
Phosphate,0.7564579486846924
Phosphate,0.12528627395629854
Phosphate,0.4513893127441406
Phosphate,0.340595016479492
Phosphate,0.15980989933013912
Phosphate,0.4808015251159672
Phosphate,0.08358612060546866
Phosphate,0.9168924140930175
Phosphate,0.8483100271224977
Phosphate,0.6157872581481936
Phosphate,0.2794936418533325
Phosphate,0.7113394737243652
Phosphate,0.28127920627593994
Phosphate,0.10671560287475579
Phosphate,0.6692481756210327
Phosphate,1.1524802207946774
NHydroxylamine,0.338759803771973
NHydroxylamine,0.39940891265869105
NHydroxylamine,2.3520606040954597
NHydroxylamine,2.1610784912109366
NHydroxylamine,0.015520668029784801
NHydroxylamine,0.20239887237548793
NHydroxylamine,0.9057986831665037
NHydroxylamine,0.37631195068359347
NHydroxylamine,1.9010620498657218
NHydroxylamine,1.7917828941345206
NHydroxylamine,1.463941040039062
NHydroxylamine,0.47104057312011705
NHydroxylamine,2.32864315032959
ImidazoleLike,1.7758346366882325
ImidazoleLike,1.272817726135254
ImidazoleLike,2.132513202667236
ImidazoleLike,0.9890027999877926
Pyridine (guess),0.7643444252014158
